current_frame,Angle1,Angle2,Angle3,Angle4
0,165.66,174.49,94.1,100.08
1,163.92,170.6,96.49,98.5
2,160.44,176.1,90.88,100.17
3,158.57,174.68,95.07,98.83
4,158.49,173.26,94.04,98.54
5,156,170.57,92.87,97.27
6,155.85,174.53,93.92,98.87
7,156.99,174.55,95.2,99.9
8,157.04,172.07,95.19,96.3
9,154.81,173.79,94.43,97.84
10,154.39,176.54,96.72,99.12
11,155.76,177.66,96.74,100.47
12,153.36,179.4,95.61,101.85
13,155.03,179.52,95.98,102.19
14,152.54,179.25,94.8,102.2
15,148.05,179.07,92.93,104.45
16,146.19,176.28,92.58,103.42
17,144.82,176.13,92.53,101.97
18,142.01,176.16,93.65,109.25
19,144.22,174.65,95.13,104.31
20,143.17,175.8,94.08,105.68
21,141.72,174.63,92.83,105.63
22,142.91,172.18,93.9,102.14
23,144.62,174.64,96.32,105.84
24,147.53,173.32,94.33,103.46
25,148.58,171.97,97.29,107.05
26,150.63,174.8,95.77,103.28
27,159.31,172.03,100.48,110.89
28,164.6,175.97,100.21,103.12
29,163.53,173.68,96.65,100.25
30,170.92,174.35,99.84,99.52
31,169.77,176.97,100.88,98.75
32,172.11,176.92,101.96,95.66
33,173.42,176.89,100.57,98.75
34,176.18,174.23,104.68,96.53
35,178.79,175.83,105.95,96.64
36,178.8,174.54,105.01,96.75
37,177.27,175.91,108.34,96.7
38,177.42,177.25,104.91,96.66
39,178.54,175.56,107.28,96.51
40,178.59,176.8,107.3,97.83
41,178.68,175.49,104.78,97.83
42,178.94,175.52,105.98,97.89
43,178.93,174.24,108.47,100.79
44,178.97,174.32,108.47,99.9
45,178.89,174.46,106.07,97.26
46,179.02,174.45,106.04,100.09
47,178.68,174.45,106.16,100.06
48,178.73,173.17,106.25,100.11
49,178.79,173.33,108.69,100.39
50,178.78,173.14,108.64,100.18
51,178.59,174.57,106.32,98.81
52,178.57,175.85,106.35,100.8
53,176.11,173.21,111.1,100.33
54,177.28,173.19,108.59,100.33
55,175.9,173.24,107.65,100.31
56,176.2,172.03,107.6,100.36
57,177.28,175.81,107.63,101.64
58,177.31,175.93,107.67,101.64
59,177.3,175.93,107.59,100.74
60,178.43,173.3,107.71,99.59
61,178.45,173.51,107.72,102.33
62,177.16,174.6,107.73,101.71
63,177.12,173.35,107.76,100.47
64,178.43,174.54,107.78,104.43
65,178.4,175.71,107.81,103.34
66,177.19,176.09,107.7,103.45
67,179.86,175.89,108.95,103.33
68,179.8,175.82,106.51,102.06
69,176.39,175.86,105.33,101.12
70,174.83,175.74,107.61,101.9
71,168.59,172.57,103,101.2
72,170.97,167.64,102.6,97.46
73,166.99,163.87,101.28,95.48
74,163.35,159.95,98.28,93.47
75,159.3,155.82,97.93,94.65
76,152.24,150.45,96.49,88.86
77,147.16,146.24,96.51,91.1
78,141.48,148.05,93.85,91.9
79,137.29,146.34,89.82,86.28
80,133.57,148.24,86.51,87.92
81,130.08,136.65,84.84,85.93
82,124.47,133.18,82.78,83.23
83,120.42,121.3,81.1,78.56
84,113.75,115.14,83.45,76.38
85,108.17,106.66,80.78,76.17
86,105.56,111.71,80.15,79.85
87,100.27,103.49,81.05,83.42
88,100.34,105.83,81.41,83.73
89,95.7,102.86,80.33,83.71
90,92,95.85,77.4,82.65
91,90,91.89,77.42,82.41
92,87.19,89.98,77.51,85.12
93,86.33,84.32,74.5,79.66
94,83.32,80.07,75.48,79.8
95,83.34,78.66,75.55,77.57
96,84.15,83,75.65,79.84
97,83.81,85.96,74.99,80.13
98,84.67,83.13,73.23,80.46
99,87.2,86.85,76.14,75.96
100,83.92,93.27,76.64,77.44
101,87.1,89.19,79.45,78.44
102,91.11,95.05,82.89,78.5
103,92.71,96.99,78.7,80.43
104,96.76,104.15,81.55,77.99
105,100.4,103.68,81.05,80.15
106,105.16,108.5,84.15,80.65
107,110.71,115.18,86.04,80.92
108,116.13,117.7,88.39,82.23
109,120.37,122.64,90.76,88.29
110,130.69,126.18,101.69,91.91
111,143.24,142.27,116.41,25.93
112,154.11,152.68,131.63,34.49
113,173.2,168.79,148.48,131.91
114,177.29,173.07,138.43,135.13
115,178.81,178.53,140.34,133.65
116,178.67,178.82,143.94,135.21
117,178.68,179.77,137.74,136.1
118,177.38,177.31,138.43,141.32
119,176.19,178.99,140.16,134.34
120,174.86,178.84,138.25,139.36
121,176.08,177.62,137.89,135.38
122,176.16,178.92,136.06,135.45
123,176.17,177.76,134.24,138.35
124,174.83,176.55,131.18,138.92
125,174.79,176.55,132.87,138.97
126,172.25,178.7,129.87,136.81
127,174.69,179.74,131.08,136.7
128,172.28,179.81,131.65,134.52
129,169.69,179.11,130.3,136.87
130,170.97,177.3,133.6,132.8
131,169.74,178.76,130.51,129.13
132,167.41,178.69,129.58,138.09
133,167.53,175.97,131.47,134.05
134,167.64,177.27,135.39,140.06
135,167.51,175.08,135.41,140.85
136,165,173.58,132.13,138.57
137,163.73,171.45,130.5,136.2
138,167.24,172.63,136.02,138.26
139,164.59,173.79,136.31,141.42
140,163.33,173.44,133.86,132.64
141,160.36,166.04,134.18,142.43
142,161.47,166.3,139.34,134.66
143,150.22,157.29,118.22,110.48
144,138.57,148.26,100.74,92.18
145,129.05,148.32,89.57,96.72
146,122.78,137.64,88.65,92.52
147,115.09,127.46,88.39,90.47
148,106.81,116.32,81.03,83.74
149,101.7,104.79,79.14,83.82
150,97.08,103.39,76.27,84.34
151,93.92,103.71,78.78,87.7
152,89.8,104.32,78.38,88.44
153,86.55,100.93,78.3,89.82
154,85.73,99.13,77.55,87.79
155,83.75,101.01,79.83,88.76
156,81.38,97.67,76.57,84.09
157,80.62,93.48,73.06,81.3
158,77.03,90.04,76.56,79.9
159,74.97,85.9,73.02,79.8
160,74.89,83.92,75.83,80.53
161,71.85,84.28,75.78,82.77
162,72.24,83.63,75.77,80.27
163,70.48,79.49,75.77,80.45
164,69.18,77.75,75.74,79.08
165,68.76,78.29,76.97,77.52
166,68.77,78.78,77,80.04
167,68.76,78.75,77,80.04
168,68.78,78.4,77.02,80.13
169,70.06,80.2,76.98,81.46
170,71.36,81.73,77.03,81.54
171,72.7,84.54,77,81.48
172,74.43,87.88,75.8,80.33
173,77.47,93.31,78.71,80.93
174,79.18,90.62,78.03,80.22
175,80.07,95.38,81.58,82.55
176,84.65,99.92,79.89,82.61
177,87.75,101.94,80.61,81.77
178,90.63,103.99,79.42,81.74
179,92.55,106.71,79.45,82.43
180,96.2,107.55,80.18,84.04
181,99.87,108.24,83.03,80.7
182,104.81,110.09,84.09,82.67
183,106.33,107.5,83.6,87.58
184,109.01,110.82,82.52,88.18
185,111.53,116.53,83.12,87.17
186,117.25,120.46,85.94,85.9
187,121.48,124.54,87.97,86.72
188,126.68,131.62,91.24,88.02
189,129.03,137.52,95.07,93.33
190,132.69,141.69,92.96,97.55
191,138.7,147.01,98.6,97.33
192,141.12,151.9,98.15,100.22
193,143.78,155.02,96.81,101.59
194,147.89,163.33,100.79,105.84
195,154,170.2,104.26,107.11
196,157.24,171.76,102.99,107.1
197,161.1,171.88,105.64,107.19
198,164.56,174.37,106.47,105.72
199,167.17,177,105.13,105.57
200,172.05,178.35,106.25,106.98
201,175.91,179.76,109.9,107.05
202,177.25,176.2,107.44,109.8
203,178.54,179.74,107.48,108.34
204,178.79,179.78,108.74,108.33
205,177.49,179.01,107.81,108.34
206,177.65,178.99,110.01,108.43
207,176.42,177.91,111.02,108.39
208,175.27,177.76,108.55,108.31
209,176.57,177.69,107.43,108.39
210,177.46,179.64,105.08,110.76
211,175.99,179.59,106.09,110.79
212,178.84,179.2,108.47,110.77
213,177.72,178.28,108.33,108.39
214,176.41,179.38,108.36,108.27
215,176.3,173.76,106.09,108.3
216,175.18,175.28,105.93,108.27
217,177.65,179.01,103.63,106.88
218,177.65,176.44,103.64,106.9
219,176.21,176.4,106.96,109.33
220,177.67,175.23,106.97,109.3
221,177.71,177.9,104.61,106.88
222,177.68,175.04,106.99,109.33
223,177.72,176.49,106.99,109.39
224,177.59,176.62,107.17,109.33
225,177.29,179.29,106.1,106.88
226,176.03,179.27,106.02,109.26
227,177.32,178.17,103.78,106.96
228,177.32,176.86,104.71,106.99
229,178.6,176.8,103.54,107.06
230,179.33,177.03,103.66,107.2
231,179.07,173.01,102.67,105.83
232,177.9,172.99,107.4,108.2
233,176.52,172.79,103.83,105.67
234,176.3,170.4,107.33,104.33
235,176.25,170.26,107.32,104.2
236,172.65,168.94,103.79,102.99
237,171.39,169.04,105.09,105.63
238,163.61,167.96,102.71,104.3
239,157.15,166.31,100.41,105.42
240,153.13,160.95,99.34,103.07
241,148.71,154.95,100.57,100.18
242,145.78,153.07,99.4,97.26
243,139.61,146.33,97.22,95.85
244,135.92,144.02,95.54,95.92
245,127.99,137.91,94.11,96.77
246,125.5,137.38,91.69,91.66
247,123.23,126.35,91.79,87.39
248,118.9,126.15,85.82,87.02
249,114.25,123.53,82.54,88.93
250,110.8,119.1,82.49,83.92
251,106.19,113.95,79.7,84.39
252,100.66,112.21,79.61,80.09
253,97.21,106.68,80.08,79.01
254,95.38,108.3,76.24,80.2
255,92.84,103.99,77.06,77.06
256,91.81,101.65,71.78,77.88
257,90.73,97.35,71.74,76.71
258,89.43,95.16,74.94,74.01
259,88.22,99.17,71.9,76.52
260,86.57,94.72,73.06,75.28
261,86.49,96.04,73,75.66
262,84.89,95.68,72.2,74.39
263,84.76,96.94,72.02,75.66
264,84.76,95.06,72.05,76.63
265,86.49,96.17,72.02,76.61
266,86.34,97.24,71.12,77.72
267,89.24,97.89,71.25,73.58
268,90.16,97.58,73.24,73.19
269,91.14,98.25,72.15,72.88
270,96.34,101.41,74.76,74.6
271,99.09,106.3,75.57,73.72
272,103.8,110.35,79.27,79.89
273,107.12,115.33,79.62,80.99
274,116.47,120.93,87.31,82.63
275,124.44,127.38,94.76,85.78
276,133.1,133.14,105.96,96.44
277,141.89,142.45,112.63,110.52
278,159.12,160.83,137.22,134.63
279,171.84,175.64,147.03,143.86
280,177.37,179.78,143.59,137.84
281,178.67,175.47,148.88,139.76
282,178.62,176.9,146.52,143.32
283,176.05,178.89,143.67,140.65
284,176.28,177.7,138.59,139.2
285,172.59,177.39,139.84,139.51
286,171.19,42.47,139.77,139.51
287,170.62,175.06,138.92,136.81
288,170.83,174.03,136.65,134.57
289,169.44,174.46,134.47,138.49
290,168.93,176.7,133.23,134.52
291,169.25,176.73,126.83,130.13
292,168.98,176.46,126.28,130.29
293,169.47,175.73,126.21,127.65
294,171.8,177.03,125.49,127.04
295,171.94,177.12,129.22,128.58
296,168.27,177.4,129.9,129.24
297,170.72,177.13,127.62,128.92
298,168.53,178.32,128.63,136.27
299,171.3,178.58,130.12,139.97
300,170.24,177.73,128.33,136.24
301,170.39,176.2,130.37,139.72
302,168.99,176.27,128.48,133.6
303,168.8,173.98,131.27,125.72
304,168.83,175.29,134.48,128.31
305,167.49,172.37,133.66,134.4
306,165.97,174.58,131.9,70.57
307,164.72,170.31,134.06,38.69
308,163.33,163.61,129.04,34.49
309,153.01,157.01,112.5,27.9
310,140.72,139.09,93.69,87.07
311,135.68,129.29,91.84,85.32
312,129.67,130.11,90.23,81.8
313,121.8,124.67,86.54,80.56
314,112.88,112.26,86.27,77.55
315,108.41,109.52,84.48,77.81
316,103.61,105.93,84.56,76.31
317,103.49,106.06,81.88,75.35
318,97.92,103.05,80.83,73.68
319,98.67,103.06,80.83,76.27
320,97.62,101.11,79.72,76.29
321,93.72,98.14,78.72,75.32
322,92.63,94.19,78.73,74.31
323,91.42,93.31,79.82,75.87
324,92.35,92.01,83.48,76.69
325,91.71,92.29,80.2,76.04
326,91.63,92.27,80.15,76
327,89.52,90.92,79.82,74.27
328,88.47,91.96,81.92,75.46
329,89.59,92.06,81.98,78.94
330,91.61,93.98,85.35,75.54
331,92.11,94.02,87.33,75.6
332,91.67,94.76,87.98,78.73
333,94.22,94.83,85.99,77.32
334,93.27,96.04,83.68,78.06
335,94.94,97.9,85.65,79.84
336,97.43,101.05,89.71,79.91
337,98.62,99.99,87.36,80.7
338,101.76,101.9,88.41,80.63
339,102.8,105.5,88.38,81.33
340,105.8,106.48,89.48,17.46
341,107.87,110.91,88.04,18.64
342,110.82,115.84,89.18,20.43
343,114.59,120,90.23,21.06
344,115.33,118.77,90.86,21.69
345,118.47,126.07,92.88,23.48
346,121.44,128.79,91.79,88.53
347,126.38,131.94,93.33,24.34
348,127.19,136.11,93.31,92.28
349,129.8,142.37,93.41,94.14
350,132.31,147.98,96.53,92.54
351,135,147.04,98.07,93.07
352,138.57,144.26,99.17,95.51
353,142.82,145.99,97.86,95.48
354,145.3,145.15,99,93.43
355,150.85,145.72,100.18,92.05
356,153.67,149.58,99.06,94.23
357,156.21,154.02,100.21,93.59
358,158.09,159.59,102.8,94.78
359,160.88,165.88,102.82,92.3
360,164.81,173.16,103.81,89.53
361,167.21,176.02,102.47,92.73
362,169.87,171.56,102.47,90.97
363,172.3,175.57,103.69,88.34
364,171.19,177.67,106.26,87.99
365,176.2,174.29,107.54,88.35
366,178.73,176.44,108.74,90.67
367,178.69,178.16,108.66,93.65
368,178.83,179.27,106.16,91.96
369,178.74,177.67,106.06,91.9
370,178.69,176.02,107.24,91.89
371,177.45,177.27,109.8,89.39
372,177.43,177.26,109.78,92.04
373,178.82,177.21,109.81,91.99
374,178.67,177.26,109.82,91.97
375,177.26,177.65,109.93,88.76
376,176.24,176.56,109.85,93.22
377,176.38,176.56,109.87,93.19
378,176.17,174.1,109.94,93.17
379,176.09,175.31,109.88,96.28
380,176.12,175.32,109.98,93.15
381,176.32,175.28,109.89,90.54
382,174.11,175.56,111.14,93.24
383,176.34,176.83,109.84,93.3
384,173.89,176.93,111.18,96.26
385,173.92,178.14,111.1,96.23
386,173.79,177.93,111.12,98.3
387,175.04,178.91,111.04,93.32
388,174.76,177.77,108.56,96.14
389,174.76,174.63,108.54,96.28
390,172.26,175.91,112.43,92.06
391,172.22,173.32,112.46,98.41
392,172.23,175.1,109.86,96.19
393,172.23,175.86,109.84,96.41
394,172.39,174.9,109.82,93.39
395,173.44,173.27,109.8,93.25
396,174.66,173.38,107.59,94.41
397,176.13,173.15,107.5,94.72
398,174.7,172.39,108.51,96.44
399,174.68,174.77,108.54,91.6
400,174.9,172.66,107.5,92.82
401,174.91,172.69,107.49,92.68
402,172.44,172.73,106.25,95.09
403,172.44,176.38,109.75,91.48
404,172.65,175.12,108.78,92.71
405,173.6,177.76,108.8,93.88
406,173.6,179.45,109.76,91.12
407,173.76,176.8,109.71,92.59
408,173.75,176.63,107.08,89.61
409,173.79,177.88,108.76,89.28
410,173.75,176.76,103.58,92.5
411,173.75,175.38,106.19,93.49
412,173.57,175.61,103.51,90.51
413,173.72,175.75,103.59,90.62
414,173.58,175.59,106.2,87.63
415,173.57,175.41,103.6,90.6
416,173.75,176.96,106.19,90.68
417,173.55,176.52,106.18,90.67
418,173.59,177.74,108.76,93.49
419,173.61,177.77,106.27,87.75
420,174.88,177.78,106.23,87.67
421,174.88,177.76,106.2,87.77
422,175.05,175.52,106.2,89.01
423,174.89,176.46,106.19,89.09
424,174.88,176.44,106.17,89.16
425,175.06,176.61,106.16,89.03
426,175.1,177.7,106.11,89.18
427,175.07,177.69,103.49,89.19
428,177.51,178.98,104.85,92.44
429,177.54,178.99,104.86,92.42
430,177.44,179.02,104.93,89.16
431,178.71,179.7,104.89,92.36
432,178.78,178.86,104.89,92.5
433,180,179.82,104.93,91.17
434,179.76,179.52,104.81,92.34
435,178.69,175.81,103.7,91.29
436,178.56,175.81,103.62,94
437,177.43,175.74,103.69,94.37
438,177.4,175.73,103.7,96.88
439,177.29,175.69,103.68,94.31
440,173.65,175.74,102.57,96.84
441,173.6,174.38,102.52,94.33
442,173.57,174.41,102.54,96.86
443,172.28,177.09,102.55,96.91
444,174.67,175.75,103.72,96.93
445,172.13,175.75,103.41,94.46
446,173.36,175.82,104.63,96.94
447,173.33,174.45,103.81,94.43
448,173.32,177.01,104.64,98.69
449,174.65,175.61,107.23,95.63
450,175.94,174.52,105.92,91.31
451,175.92,177.2,105.9,94.18
452,174.57,177.15,105.92,94.11
453,175.97,178.52,105.93,91.01
454,175.95,178.56,105.89,91.04
455,174.7,178.67,105.04,91
456,174.73,177.03,105.03,94.14
457,173.37,175.51,105.01,92.76
458,173.35,175.53,105.04,89.64
459,174.7,175.53,105.04,92.75
460,174.71,177.17,105.07,89.53
461,173.47,174.51,105.94,92.66
462,173.42,175.82,108.55,89.5
463,173.44,175.83,107.6,89.59
464,173.45,175.87,107.59,89.59
465,174.82,177.25,104.96,92.69
466,174.81,178.58,105.01,89.62
467,174.73,177.03,105.02,89.73
468,174.74,178.75,104.99,92.77
469,174.67,178.58,104.96,95.34
470,172.26,178.84,103.77,97.31
471,170.85,177.06,103.72,95.63
472,165.72,179.95,101.41,96.98
473,166.83,172.89,101.21,97.08
474,164.16,170.03,99.91,95.6
475,157.52,168.82,97.68,94.83
476,155.02,170.43,97.57,94.41
477,145.79,167.76,95.52,93.04
478,145.89,161.85,95.28,90.93
479,143.47,161.76,94.13,90.89
480,138.11,154.1,93.78,89.16
481,131.19,147.97,91.37,87.38
482,128.86,139.3,89.81,87.82
483,128.42,137.38,91.48,88.29
484,122.21,134.56,89.1,82.83
485,119.94,129.39,85.31,83.5
486,114.66,119.96,83.71,79.15
487,109.66,115.78,84.07,78.67
488,105.83,112.71,82.92,80.72
489,102.8,111.46,81.83,79.73
490,99.19,108.91,80.77,81.48
491,96.67,105.85,80.11,79.05
492,95.05,105.13,79.44,79.14
493,92.95,104.15,79.46,80.74
494,89.01,100.69,78.36,80.63
495,88.22,102.34,77.58,76.06
496,85.94,99.29,77.62,75.33
497,84.09,95.75,77.6,76.5
498,83.35,94.33,79.48,78.3
499,83.94,93.48,79.52,77.57
500,82.27,93.45,78.46,77.54
501,82.23,92.21,78.43,76.31
502,83.2,94.39,78.81,77.49
503,83.22,94.8,77.62,76.68
504,82.7,95.96,76.56,76.6
505,84.1,92.51,77.3,75.25
506,84.54,96.05,75.58,76.49
507,87.17,96.96,77.49,75.23
508,89.22,95.7,76.72,72.31
509,90.26,97.23,79.81,75.44
510,91.82,97.16,82.46,75.97
511,95.56,99.87,80.12,76.69
512,101.11,101.56,82.91,74.93
513,106.65,110.71,84.75,75.11
514,111.11,118.24,85.58,77.06
515,119.26,124.15,87.46,82.13
516,123.42,133.27,91.44,91.84
517,134.17,145.68,100.9,23.74
518,147.13,149.25,115.55,28.62
519,165.59,166.2,133.42,32.82
520,175.91,174.5,148.53,38.74
521,179.99,175.2,140.64,44.5
522,178.82,172.12,146.87,45.03
523,178.8,179.91,148.42,41.66
524,177.29,176.39,144.64,139.12
525,175.14,176.89,138.74,137.39
526,173.95,175.88,138.19,144.36
527,171.22,177.13,136.82,65.9
528,171.18,177.73,135.32,139.07
529,171.27,174.52,132.11,134.12
530,171.1,176.02,131.54,137.2
531,171,176.85,129.85,40.14
532,170.84,177.38,128.06,41.86
533,173.27,177.72,127.49,121.07
534,172.04,177.49,127.58,136.95
535,172.19,178.96,127.78,138.31
536,169.97,178.77,130.09,138.77
537,171.28,179.41,131.43,140.25
538,168.91,178.45,130.44,138.04
539,168.92,178.27,130.38,140.16
540,168.91,179.28,130.68,141.31
541,171.26,179.44,129.96,146.06
542,167.95,172.32,129.2,134.73
543,169.98,173.32,131.6,138.38
544,167.96,170.72,131.18,139.87
545,166.54,170.35,133.59,139.69
546,167.71,170.35,131.65,130.77
547,164.79,169.06,137.44,143.93
548,163.13,161.05,138.02,130.96
549,150.82,149.16,117.62,106.49
550,137.35,142.2,105.08,88.81
551,131.15,137.26,97.43,93.27
552,124.55,131.14,91.94,84.16
553,119.37,122.93,87.09,75.8
554,109.41,117.92,88.53,79.72
555,103.8,109.31,86.02,83.04
556,99.02,104.01,85.99,82.65
557,96.38,95.8,89.89,82.92
558,93.49,97.85,87.53,80.66
559,92.45,99.09,88.24,84.63
560,91.54,93.95,83.42,80.32
561,90.57,93.08,85.97,79.14
562,88.96,89.38,85.98,78.09
563,87.89,90.27,87.83,81.46
564,86.46,88.28,88.54,81.37
565,86.99,88.36,87.85,82.63
566,86.99,90.27,87.78,84.76
567,86.29,89.56,86.15,82.48
568,87.29,90.36,87.16,83.32
569,85.29,88.06,85.45,79.16
570,89.08,87.98,93.08,81.87
571,88.56,88.07,88.05,80.58
572,91.07,88.89,89.08,81.36
573,90.41,93.29,89.1,82.98
574,94.06,98.49,86.93,81.61
575,96.16,100.59,89.84,83.56
576,98.81,103.74,90.46,84.81
577,100.82,101.64,91.6,83.56
578,102.61,102.39,92.24,86.85
579,103.8,106.26,95.74,89.34
580,106.47,108.92,94.02,87.48
581,109.55,105.45,95.11,89.39
582,111.59,111.75,95.05,86.76
583,113.97,115.11,94.18,82.89
584,115.89,122.03,94.19,84.74
585,119.34,125.88,93.45,83.6
586,122.34,130.55,94.56,82.75
587,124.38,132.65,96.15,85.63
588,126.35,138.15,94.34,85.61
589,133.29,139.03,96.56,84.55
590,134.95,139.64,96.97,89.21
591,137.86,141.39,100.33,89.6
592,137.43,146.93,95.91,88.62
593,141.17,152.02,95.4,89.22
594,145.35,154.33,96.15,92.63
595,147.07,158.39,96.5,91.12
596,153.16,160.68,100.83,91.9
597,157.01,163.1,99.97,92.89
598,163.53,166.27,104.41,96.14
599,165.91,171.77,106.46,97.36
600,168.58,174.07,103.03,97.03
601,172.33,175.42,106.56,99.03
602,172.42,173.14,106.58,96.59
603,173.58,179.62,104.14,99.21
604,176.15,175.97,105.34,97.95
605,177.55,179.04,108.74,101.74
606,177.51,176.4,106.39,101.71
607,178.63,175.1,107.6,102.06
608,177.59,176.66,109.84,107.02
609,176.02,175.21,109.88,106.95
610,176.21,175.26,107.49,104.69
611,175.2,176.55,107.49,107.03
612,174.85,172.91,104.23,107.24
613,174.73,172.5,105.09,105.89
614,176.39,170.24,107.32,108.12
615,178.62,173.87,106.29,106.73
616,177.57,173.71,107.47,104.22
617,177.59,172.53,107.48,104.21
618,179.76,174.77,105.43,102.97
619,179.79,176.39,106.43,105.5
620,178.63,171.63,108.57,102.9
621,179.9,173.35,105.32,105.47
622,178.62,174.26,107.54,101.58
623,179.84,171.63,106.34,105.57
624,177.39,175.82,108.56,102.93
625,178.66,173.22,108.64,102.97
626,179.89,173.28,106.33,102.93
627,179.83,173.54,108.57,104.18
628,176.17,173.57,109.84,104.14
629,177.47,173.69,109.86,101.9
630,178.65,174.79,107.57,105.16
631,178.66,174.82,109.94,102.92
632,178.69,176.46,107.73,105.41
633,178.65,174.87,107.77,102.89
634,178.65,175.06,107.73,102.87
635,178.52,174.82,107.68,102.86
636,178.53,172.3,107.75,104.08
637,178.61,175.21,107.7,102.66
638,178.57,176.28,107.75,102.92
639,175.97,176.33,108.95,102.78
640,177.45,173.93,111.29,102.73
641,177.33,173.81,109.01,102.8
642,175.07,174.16,111.24,102.62
643,176.36,175.59,108.92,100.63
644,176.28,175.45,108.97,100.07
645,174.91,175.14,111.19,100.12
646,176.12,175.13,108.94,100.12
647,174.93,174.01,111.19,99.96
648,176.3,173.92,106.52,100.08
649,176.3,173.89,106.46,100.08
650,176.3,173.92,106.5,100.02
651,176.29,173.09,106.49,99.91
652,177.47,173.05,106.47,99.96
653,175.09,173.07,108.63,99.97
654,175.11,173.88,108.65,100.13
655,175.09,173.94,107.64,100.03
656,174.91,173.96,108.65,100.06
657,174.94,173.69,111.2,100.08
658,176.15,174.97,111.19,100.76
659,176.02,172.57,111.18,99.96
660,177.43,173.49,108.94,102.91
661,176.05,172.18,111.19,105.09
662,176.06,171.89,108.88,104.19
663,174.83,171.89,111.22,102.84
664,174.82,172.31,111.17,101.88
665,174.79,172.3,110.13,101.91
666,175.02,172.63,111.2,101.88
667,176.24,172.32,111.14,101.86
668,175,172.23,111.2,101.98
669,175.03,172.5,110.11,106.76
670,176.06,172.24,111.19,101.97
671,176.2,173.47,110.17,104.59
672,176.2,172.2,110.14,102.05
673,176.23,173.44,110.14,102.04
674,176.22,173.48,110.17,102.02
675,179.75,175.02,107.68,103.99
676,178.51,175.09,107.73,102.92
677,177.27,175.97,108.87,103.05
678,178.49,174.79,106.74,102.93
679,178.5,174.84,106.74,102.86
680,178.44,174.54,108.92,100.71
681,177.15,175.87,108.03,104.24
682,177.37,173.27,107.92,102.9
683,177.13,175.88,107.99,104.2
684,179.88,173.29,107.66,101.57
685,179.89,172.02,107.67,103.81
686,177.38,173.31,108.9,101.48
687,177.39,176.09,108.92,102.65
688,177.4,173.3,108.9,101.52
689,179.89,173.29,107.63,101.5
690,177.54,170.75,109.99,104.51
691,177.31,173.35,111.19,103.21
692,177.53,173.39,108.7,103.13
693,177.67,172.32,111.09,105.41
694,177.67,173.64,108.71,100.56
695,179.97,169.72,107.5,104.12
696,179.99,171.07,107.51,101.89
697,176.21,169.73,111.16,104.15
698,176.19,173.59,108.81,101.4
699,179.85,168.15,107.51,104.04
700,177.27,169.42,111.21,106.77
701,177.28,170.68,111.2,102.75
702,174.92,170.64,111.1,101.92
703,176.01,170.69,108.81,102.76
704,176.27,169.45,111.11,104.49
705,176.28,173.87,113.54,103.86
706,176.07,173.57,111.17,102.92
707,176.17,173.59,113.55,105.42
708,176.03,173.7,110.13,100.54
709,175.92,173.3,111.18,100.66
710,176.1,174.82,108.61,100.64
711,176.11,172.27,110.07,101.98
712,175.97,172.31,113.61,100.01
713,178.43,174.82,109.98,100.65
714,176.09,174.59,110.09,100.68
715,176.11,177.46,110.1,99.28
716,178.47,174.89,107.39,100.67
717,178.82,173.71,106.31,102.58
718,178.73,173.59,106.29,99.94
719,178.7,177.6,105.95,101.18
720,177.32,179.01,108.52,97.01
721,173.51,178.04,105,96.94
722,173.48,178.43,104.98,95.86
723,173.63,175.67,104.16,98.72
724,173.57,174.46,104.14,94.88
725,171.24,171.95,105.34,91.22
726,168.67,169.63,104.19,92.6
727,168.7,165.37,101.99,95.14
728,164.63,164.92,103.12,94.73
729,160.77,163.32,101.96,95.84
730,154.7,163.31,99.61,91.83
731,146.56,148.5,94.46,86.55
732,142.41,145.96,93.28,85.82
733,137.84,142.48,91.25,78.07
734,134.72,139.11,91.8,77.99
735,129.99,134.2,88.77,74.68
736,123.83,130.8,88.45,74.12
737,120.1,128.43,86.93,78.34
738,117.33,123.67,84.38,73.54
739,113.11,117.03,84.8,75.76
740,108.62,114.33,85.64,76.49
741,108.66,116.35,87.95,77.68
742,105.84,115.22,87.98,81.54
743,102.4,116.4,86.3,81.62
744,100.29,113.1,86.32,84.11
745,98.38,108.54,86.24,81.84
746,93.69,107.41,86.41,82.82
747,93.28,107.44,85.81,83.97
748,91.07,104.03,84.63,85.24
749,88.92,99.56,84.61,83.8
750,88.13,103.85,82.68,82.5
751,86.98,101.6,85.25,85.13
752,85.16,95.73,82.65,83.66
753,83.39,94.45,82.66,83.69
754,82.21,94.94,82.62,82.92
755,80.63,95.36,81.54,83.64
756,81.12,93.62,81.55,83.73
757,81.11,94.35,84.11,84.56
758,82.29,95.61,82.85,81.97
759,83.43,95.36,85.44,82.99
760,85.53,97.5,84.71,85.47
761,83.97,98.71,83.68,83.02
762,87.86,106.54,83.74,84.33
763,88.55,102.8,83.71,81.23
764,90.04,104.87,84.47,83.85
765,91.83,103.32,81.91,84.73
766,93.64,104.12,82.6,85.72
767,97.41,111.47,82.6,85.75
768,101.11,111.86,86.19,85.25
769,104.78,110.95,84.82,81.18
770,112.24,118.74,87.82,81.2
771,118.94,125.6,93.85,86.84
772,124.69,136.42,98.99,87.48
773,133.47,135.39,106.77,93.13
774,145.23,147.02,117.42,99.62
775,154.59,156.18,129.45,116.91
776,167.8,173.05,141.79,135.19
777,177.25,177.14,141.48,137.2
778,179.95,174.94,136.36,135.59
779,179.95,174.75,143.39,146.61
780,178.84,178.57,142.2,139.89
781,177.37,173.71,145.02,130.45
782,176.03,175.06,148.13,141.77
783,174.92,169.88,143.37,138.02
784,171.32,176.13,140.91,140.68
785,171.17,176.72,139.93,42.09
786,169.89,176.84,136.78,148.69
787,168.6,174.61,135.2,142.63
788,168.65,174.35,135.29,142.45
789,167.51,175.89,132.12,141.63
790,169.68,176.84,136.49,143.6
791,169.73,176.2,132,139.23
792,169.92,175.96,132.12,139.1
793,171.33,174.24,135.36,140.81
794,170.11,175.12,132.74,137.96
795,171.08,172.68,136.09,136.72
796,168.77,173.06,138.56,138.05
797,170.37,173.07,135.41,137.52
798,165.55,170.11,138.03,138.6
799,167.92,166.31,140.37,138.65
800,164.32,166.25,138.1,139.7
801,162.74,159.44,136.43,135.54
802,157.24,153.85,113.14,107.85
803,146.09,147.24,100.84,93.53
804,134.18,140.56,93.79,90.02
805,129.12,140.09,89.96,84.33
806,124.35,135.25,82.56,82.77
807,118.73,131.59,80.68,82.2
808,111.98,124.21,79.22,82.49
809,109.36,123.61,79.81,82.74
810,104.41,122.08,76.1,78.52
811,102.63,115.76,76.12,78.66
812,100.03,114.97,76.67,76.64
813,98.97,116.37,76.66,74.66
814,96.23,114.22,75.8,74.67
815,93.58,109.95,77.71,75.45
816,91.95,107.67,77.08,72.58
817,92.8,107.53,78.8,74.76
818,91.1,107.95,80.54,80.19
819,91.13,106.84,76.81,77.22
820,90.33,106.85,81.4,80.29
821,92.06,109.28,79.8,81.52
822,91.15,107.32,79.83,81.55
823,92.01,112.55,81.47,82.41
824,92.01,114.12,81.47,83.62
825,93.64,113.76,80.79,83.68
826,93.83,111.16,80.04,83.59
827,95.51,111.26,81.79,79.59
828,96.5,110.84,81.81,84.28
829,99.17,115.03,83.55,83.69
830,100.06,114.99,83.57,81.61
831,102.79,121.02,84.65,83.8
832,103.46,125.54,85.35,88.3
833,104.51,126.39,86.34,87.3
834,106.74,132.26,82.67,85.76
835,107.55,128.1,84.59,90.94
836,110.17,128.81,83.33,91.16
837,113.63,130.12,84.32,93.96
838,117.27,132.12,85.97,94.69
839,119.44,139.35,87.01,97.25
840,121.18,139.97,87.57,95.01
841,126.04,144.13,90.27,99.26
842,126.7,140.97,90.75,96.88
843,131.76,145.1,92.99,97.84
844,132.94,148.66,93.44,97.06
845,137.06,146.35,94.55,97.27
846,141.23,151.99,95.71,98.53
847,143.94,156.4,97.16,98.73
848,148.05,164.57,98.68,104.01
849,153.29,163.15,102.15,102.41
850,155.74,165.24,102,101.6
851,157.35,166.67,104.68,101.67
852,162.18,166.7,104.01,98.51
853,164.59,172.15,105.17,99.8
854,165.97,170.82,107.79,99.83
855,170.99,175.69,108.83,98.83
856,173.47,179.39,111.39,100
857,174.78,177.58,111.47,99.19
858,177.11,174.98,111.25,98.68
859,177.27,174.61,112.65,98.78
860,178.66,172.43,112.58,99.92
861,178.45,172.31,112.66,103.27
862,178.45,173.73,112.66,101.78
863,179.66,170.06,112.65,104.47
864,178.45,170.04,112.67,101.3
865,178.59,170.05,112.77,101.31
866,178.59,172.24,111.43,100.01
867,178.41,171.31,115.08,100.55
868,177.3,172.29,110.13,103.55
869,177.31,174.78,110.15,102.34
870,178.48,173.47,112.73,103.79
871,177.19,172.52,112.75,103.62
872,175.93,175.14,110.08,103.62
873,177.04,175.21,112.65,103.57
874,175.92,175.05,110.02,104.53
875,174.85,176.39,110.18,103.12
876,178.47,176.53,111.25,100.51
877,177.19,178.9,111.27,96.71
878,177.15,178.85,111.25,97.94
879,177.38,178.96,111.4,97.99
880,177.27,178.91,111.27,100.61
881,177.2,179.11,112.58,103.43
882,179.77,179.8,114.93,100.62
883,178.57,179.01,112.42,103.58
884,178.59,179.85,112.45,100.64
885,178.8,178.59,113.91,104.39
886,178.81,178.78,114.96,105.81
887,178.91,178.76,112.78,102.76
888,177.39,178.75,110.04,105.95
889,178.59,177.36,112.55,103.35
890,176.16,177.41,108.64,106.35
891,177.32,178.87,109.84,107.08
892,178.3,178.84,107.17,107.15
893,177.05,179.97,105.96,109.86
894,176.88,179.91,108.2,107.17
895,178.47,178.82,107.15,107
896,178.56,179.76,107.09,102.7
897,176.03,178.66,108.54,105.78
898,176.12,178.68,108.63,108.57
899,176.47,179.96,108.77,108.04
900,177.66,177.37,110.08,106.67
901,178.98,179.81,111.43,106.84
902,177.81,178.44,109.05,106.72
903,176.34,177.12,111.42,109.56
904,174.99,174.41,110.2,109.6
905,175.04,177.15,110.22,106.76
906,176.27,178.62,112.68,106.77
907,173.59,178.65,112.75,109.58
908,171.01,178.71,111.6,109.58
909,167.04,178.63,112.84,106.86
910,165.86,174.76,110.66,105.65
911,165.77,169.24,110.55,106.96
912,162.26,169.16,109.51,106.85
913,160.29,167.66,111.57,105.52
914,157.68,162.2,105.29,101.27
915,152.61,160.67,106.69,102.84
916,148.49,159.23,105.55,104.45
917,147.08,157.65,105.39,101.81
918,143.52,154.35,104.27,100.21
919,140.8,150.59,100.31,96.01
920,137.87,147,99.03,99.89
921,133.79,144.78,97.82,98.28
922,128.85,140.28,97.73,95.71
923,124.15,138.75,96.62,96.99
924,121.05,136.33,95.1,96.61
925,118.32,130.01,94.51,97.7
926,114.23,126.58,89.73,96.11
927,112.73,124.51,89.14,96.11
928,107.76,124.32,85.91,95.52
929,106.15,122.56,85.29,95.05
930,103.22,117.46,84.16,91.81
931,98.9,115.76,82.45,88.22
932,96.86,116.42,83.58,87.6
933,95.06,115.4,83.01,89.39
934,92.21,110.98,84.9,92.23
935,90.06,109.31,82.02,92.71
936,88.45,104.41,86.65,87.24
937,87.29,103.54,88.07,86.51
938,84.8,100.87,85.53,85.11
939,82.34,98,82.46,85.69
940,81.04,97.28,82.4,85.14
941,81,95.08,82.35,83.78
942,80.86,95.11,81.62,83.78
943,81.43,96.48,81.53,83.03
944,80.82,92.6,82.92,81.7
945,80.43,93.56,80.53,84.56
946,80.46,93.41,80.58,85.36
947,80.46,93.88,81.93,90.09
948,81.04,96.43,81.99,87.85
949,81.67,96.48,84.5,90.22
950,85.57,100.12,85.25,87.86
951,86.68,100.7,85.3,87.38
952,89.69,98.16,85.29,91.11
953,91.56,98.21,83.86,87.39
954,91.61,105.76,84.58,88.48
955,97.24,112.96,87.02,86.9
956,98.1,113.26,83.99,89.22
957,103.74,116.29,85,87.7
958,105.96,118.29,86.64,88.87
959,111.35,124.38,90.51,92.95
960,115.78,125.15,88.17,87.74
961,123.38,137.18,93.79,90.71
962,130.98,142.71,104.64,98.42
963,145.16,147.08,115.53,105.47
964,153.74,162.38,126.26,121.43
965,169.53,178.56,142.15,138.59
966,178.8,179.19,149.93,140.05
967,179.91,174.38,142.83,141.68
968,175.11,171.91,147.7,147.19
969,177.43,174.7,146.04,142.32
970,179.02,165.77,147.11,31.84
971,176.1,165.09,142.26,146.55
972,172.83,175.2,136.54,146.59
973,170.03,173.65,138.64,137.12
974,167.5,172.58,137.46,134.75
975,169.5,173.8,133.09,140.3
976,169.57,174.09,134.38,140.6
977,173.09,174.81,129.75,141.46
978,174.39,175.15,130.81,137.74
979,174.14,173.41,130.58,137.58
980,176.14,171.28,129.89,39.85
981,172.85,173.83,128.7,137.72
982,175.08,176.26,131.4,141.45
983,173.99,176.12,131.53,132.59
984,176.41,174.48,130.79,127.39
985,177.45,177.61,130.5,129.7
986,177.43,177.87,135.4,128.38
987,176.2,178,134.99,136.35
988,173.66,178.53,135.39,133.74
989,172.48,178.02,135.97,134.16
990,172.31,176.63,139.3,136.09
991,168.5,175.74,135.37,140.03
992,158.3,168.5,117.88,121.3
993,145.79,156.15,101.66,96.84
994,136.89,148.51,95.33,95.21
995,129.86,145.68,91.92,91.31
996,123.46,136.18,87.92,92.09
997,115.69,123.88,86.83,88.54
998,109.39,119.27,83.92,85.12
999,103.08,115.05,83.26,89.16
1000,101.98,114.66,84.48,86.77
1001,98.22,111.84,81.99,85.3
1002,98.13,113.88,79.47,81.59
1003,92.5,109.83,81.06,80.4
1004,91.35,106.49,81.01,83.11
1005,88.61,105.16,81.72,81.98
1006,85.69,102.92,81.72,84.46
1007,83.77,98.09,81.72,84.85
1008,82.6,96.83,81.67,80.72
1009,79.84,93.78,82.68,85.18
1010,79.81,93.48,82.64,83.29
1011,80.55,91.09,80.9,80.76
1012,80.88,92.22,80.05,84.64
1013,80.92,92.01,79.99,82.01
1014,80.91,91.53,80.04,79.97
1015,79.31,91.41,79.07,82.19
1016,80.81,92.82,79.92,84.08
1017,80.89,96.5,79.89,88.04
1018,85.2,96.69,80.84,84.67
1019,86.79,98.73,80.92,88.93
1020,87.82,100.43,81.72,86.75
1021,89.41,100.55,84.95,82.8
1022,91.33,102.48,83.52,86.04
1023,92.5,108.1,81.15,83.73
1024,98.07,111.08,85.22,85.27
1025,100.91,113.88,85.23,85.64
1026,102.97,121.39,85.67,91.27
1027,101.95,118.9,82.83,84.83
1028,106.19,120.53,85.23,87.21
1029,110.73,121.11,86.28,87.89
1030,113.22,124.87,86.93,91.99
1031,118.13,128.61,88.99,91.51
1032,121.01,135.36,90.72,95.06
1033,125.06,136.4,93.72,96.57
1034,130.12,138.78,94,93.29
1035,133.08,138.32,95.11,95.78
1036,136.04,142.33,96.22,93.65
1037,136.61,140.32,96.23,90.65
1038,140.68,144.6,97.8,94.98
1039,144.88,147.46,99.45,95.42
1040,149.85,154.38,101.83,96.67
1041,154.23,156.2,103,96.98
1042,157.98,159.79,104.17,99.01
1043,161.67,162.75,107.49,99.15
1044,164.56,164.15,107.81,102.13
1045,166.27,164.28,105.62,99.08
1046,170.22,165.79,106.81,102.23
1047,172.33,168.14,107.56,98.89
1048,172.48,167.62,107.59,101.25
1049,176.34,170.13,108.72,102.29
1050,179.7,179.45,109.77,108.03
1051,179.56,179.59,112.04,109.53
1052,178.02,179.45,111.9,109.44
1053,176.82,176.78,112.06,109.28
1054,174.56,176.75,113.42,110.82
1055,174.51,176.82,115.74,110.84
1056,172.85,175.13,113.24,107.65
1057,173.87,175.13,111,109.47
1058,173.43,176.21,111.12,106.4
1059,173.84,176.31,110.95,106.24
1060,173.43,176.56,111.11,103.16
1061,173.8,176.64,111.14,109.05
1062,175.09,176.45,115.76,109.11
1063,175.11,176.51,113.45,106.34
1064,175.13,176.55,115.77,108.14
1065,174.73,177.73,113.62,106.2
1066,174.74,177.82,113.6,106.2
1067,173.45,176.4,113.64,106.2
1068,173.89,176.57,113.46,106.12
1069,173.88,177.73,113.5,103.67
1070,173.54,176.59,113.53,103.6
1071,173.56,173.86,113.5,105.02
1072,173.41,174.91,111.22,105.02
1073,173.25,174.86,113.55,105.06
1074,173.57,175.01,113.54,102.25
1075,174.85,176.33,113.55,102.1
1076,174.82,174.98,113.51,101.2
1077,176.11,177.54,113.52,102.26
1078,174.98,177.49,113.39,102.03
1079,174.54,176.09,113.51,99.14
1080,172.56,176.22,112.33,103.63
1081,173.25,177.44,110.99,103.55
1082,171.01,178.8,112.33,101.38
1083,172.68,176.3,114.62,106.48
1084,172.99,175.06,112.22,106.37
1085,172.96,175.31,112.27,106.32
1086,173.83,177.61,114.75,102.17
1087,176.15,178.86,112.36,103.02
1088,178.4,178.96,111.16,102.9
1089,177.36,178.36,112.44,101.6
1090,179,178.3,111.28,101.53
1091,178.76,177,111.31,104.7
1092,178.6,175.82,111.24,103.43
1093,177.28,175.78,111.19,99.02
1094,173.72,173.07,107.68,97.74
1095,171.01,175.93,107.56,101.08
1096,170.81,171.73,107.4,102.54
1097,167.13,169.33,106.51,98.6
1098,163.15,166.69,105.27,97.38
1099,162.98,169.3,106.27,102.86
1100,158.94,167.76,105.29,101.28
1101,156.37,161.15,104.05,95.99
1102,152.4,155.52,103.19,97.77
1103,149.45,148.5,101.31,95.32
1104,141.2,152.32,95.56,96.08
1105,137.05,146.62,93.99,94.84
1106,134.16,146.2,92.84,91.8
1107,130.71,145.19,91.34,95.24
1108,128.5,136.92,90.27,93.17
1109,122.76,135.86,88.04,96.46
1110,115.08,129.9,85.62,96.45
1111,113.58,123.61,87.2,93.32
1112,109.84,119.21,86.13,86.57
1113,106.32,119.81,84.44,88.38
1114,102.86,117.46,80.82,87.01
1115,101.13,116.49,81.35,86.99
1116,100,108.81,82,83.23
1117,95.4,102.79,80.14,81.14
1118,91.51,103.57,79.17,83.14
1119,89.77,97.8,78.39,84.53
1120,87.22,96.13,76.56,79.58
1121,86.17,96.15,75.33,78.76
1122,82.65,93.88,74.38,82.84
1123,80.46,92.59,74.39,80.05
1124,78.09,89.59,74.31,79.95
1125,77.62,87.86,73.43,78.56
1126,75.12,87.87,71.65,78.58
1127,74.92,89.46,72.49,78.88
1128,75.14,89.42,71.68,78.97
1129,76.18,89.49,71.65,78.97
1130,76.06,89.55,72.57,83.35
1131,76.03,91.19,72.54,81.25
1132,76.1,92.06,72.66,85.15
1133,78.77,93.78,73.5,79.99
1134,83.18,95.91,76.79,81.39
1135,86.3,99.95,74.47,80.76
1136,88.21,101.84,75.43,85.96
1137,89.08,103.43,78.98,87.19
1138,93.68,106.16,80.78,85.2
1139,99.16,111.11,84.3,89.23
1140,102.7,114.27,83.64,90.76
1141,107.31,119.35,90.28,88.43
1142,111.85,118.02,90.42,88.44
1143,120.99,129.39,96.25,88.47
1144,126.24,131.98,105.67,110
1145,139.13,142.54,118.33,121.4
1146,147.06,147.87,133.45,131.72
1147,159.88,163.33,143.21,136.18
1148,170.81,172.87,146.31,141.37
1149,173.6,175.67,142.36,137.33
1150,177.34,177.07,148.51,140.88
1151,177.41,176.1,149.53,136.22
1152,176.14,176.12,144.73,138.22
1153,174.84,177.71,146.02,150.29
1154,176.03,178.77,141.97,141.8
1155,174.96,173.48,142.11,146.49
1156,175.18,172.05,137.51,146.44
1157,175.23,172.07,135.4,140.75
1158,177.45,174.56,137.62,144.56
1159,177.5,173.14,136.25,141.43
1160,178.81,173.21,136.3,140.21
1161,179.83,175.78,137.56,142.2
1162,179.25,173.25,134.29,137.48
1163,177.75,173.11,132.18,133.35
1164,177.49,172.03,130.34,129
1165,177.77,173.25,130.65,130.63
1166,177.85,175.98,134.12,131.68
1167,175.28,170.85,130.65,130.75
1168,173.65,176.25,133.79,135.13
1169,173.64,174.05,135.6,129.81
1170,173.4,172.07,135.38,129.5
1171,168.33,170.56,131.17,127.78
1172,161.84,163.57,117.62,111.64
1173,150.54,155.73,103.08,104.85
1174,138.31,149.16,99.21,101.68
1175,130.92,144.09,96.05,98.32
1176,124.9,133.86,89.79,94.66
1177,119.75,136.09,87.48,92.52
1178,111.97,123.62,86.38,94.02
1179,109.4,121.36,86.97,87.38
1180,104.83,115.38,82.86,88.42
1181,102.86,114.98,83.96,87.77
1182,99.1,112.14,83.96,87.61
1183,95.1,107.36,85.12,85.27
1184,92.57,107.45,83.42,84.14
1185,89.25,107.05,82.83,87.23
1186,86,107.87,81.88,93.35
1187,84.14,104.15,81.81,88.62
1188,81.81,102.81,84.39,92.83
1189,80.57,96.48,80.47,88.55
1190,79.82,94.21,80.98,87.12
1191,79.34,95.56,77.76,88.4
1192,77.32,92.75,83.63,87.02
1193,78.48,91.42,79.66,87.04
1194,74.96,89.95,77.88,85.67
1195,75.45,90.55,77.83,87.64
1196,75.48,89.84,77.8,84.92
1197,77.11,87.87,79.61,83.61
1198,77.09,89.81,79.6,83.65
1199,78.92,91.89,79.59,85.67
1200,78.92,91.94,76.98,85.64
1201,79.15,94.01,77.79,85.61
1202,79.84,99.12,77.82,87.67
1203,83.45,98.97,80.93,88.35
1204,86.57,101.55,80.95,87.29
1205,87.85,103.78,78.69,88.53
1206,87.96,107.78,79.53,88.53
1207,92.85,109.48,84.8,89.17
1208,93.4,111.26,81.17,84.92
1209,95.65,114.07,81.2,84.11
1210,99.02,112.78,82.85,86.64
1211,101.8,117,84.23,91.72
1212,104.36,122.03,84.96,89.86
1213,107.02,125.96,85.3,93.79
1214,110.69,127.79,86.41,95.82
1215,114.45,126.6,88.13,93.64
1216,120.11,134.48,90.87,97.72
1217,123.57,138.51,92.45,99.49
1218,125.27,141.47,92.96,98.33
1219,128.87,142.04,94.04,101.19
1220,135.17,145.66,97.6,99.6
1221,140.45,149.98,97.96,101.15
1222,145.72,157.58,100.23,100.04
1223,149.42,158.87,98.96,104.12
1224,154.45,157.6,101.07,106.67
1225,158.49,160.58,100.92,103.71
1226,163.11,165.05,101.12,99.77
1227,165.89,169.26,101.46,104.21
1228,169.59,177.39,106.11,104.27
1229,173.44,177.46,108.83,109.76
1230,174.8,174.69,108.75,108.44
1231,176.11,174.61,108.78,108.55
1232,178.53,175.88,112.36,107.27
1233,179.79,174.57,112.4,109.62
1234,177.57,175.17,109.92,110.83
1235,177.42,176.32,108.66,110.91
1236,177.68,178.82,107.48,110.93
1237,177.82,174.89,108.36,109.44
1238,179.03,176.28,108.39,109.41
1239,177.75,175.18,109.65,109.38
1240,177.89,176.23,109.51,107.99
1241,179.45,174.05,107.24,108.01
1242,179.24,173.9,108.31,105.72
1243,177.63,173.44,108.29,102.97
1244,177.61,173.49,108.29,103.71
1245,179.89,173.48,106.95,105.11
1246,178.72,173.42,105.83,105.09
1247,177.17,173.55,105.76,105.05
1248,179.9,173.53,101.71,105
1249,179.92,172.07,104.29,105.08
1250,177.31,173.17,106.78,106.58
1251,177.25,172.15,106.78,106.59
1252,176.22,172.18,106.78,106.58
1253,176.28,172.2,104.27,105.18
1254,176.05,170.66,106.99,108.03
1255,176.2,171,105.7,108
1256,177.27,173.3,105.93,109.23
1257,177.05,177.49,108.38,106.75
1258,177.33,176.44,108.38,110.83
1259,179.9,177.65,107.13,109.59
1260,178.88,178.79,112.13,107.01
1261,180,177.61,109.89,108.17
1262,178.56,178.3,112.17,105.69
1263,179.59,178.54,112.11,105.84
1264,178.73,179.78,107.44,105.68
1265,177.6,178.48,108.56,108.34
1266,178.62,178.41,109.78,107.01
1267,177.42,177.11,108.52,106.96
1268,177.23,177.06,108.53,105.64
1269,174.99,176.79,106.3,105.52
1270,175.99,178.03,108.42,106.77
1271,176.07,176.86,103.51,105.19
1272,172.54,178.36,102.49,103.89
1273,171.08,177.41,102.5,102.83
1274,167.33,174.74,103.78,104.34
1275,165.91,166.86,103.75,99.41
1276,164.82,166.42,102.84,102.9
1277,159.71,162.78,101.69,100.71
1278,157.12,161.14,100.8,103.22
1279,150.3,159.83,98.15,99.38
1280,146.84,157.23,94.9,98.18
1281,144.63,156.69,96.57,97.79
1282,138.88,155.1,93.83,97.77
1283,136.71,152.14,95.54,96.6
1284,132.65,144.56,94.5,96.77
1285,132.53,142.67,93.95,97.55
1286,128.96,135.94,89.56,93.83
1287,126.21,132.86,88.01,90.66
1288,122.17,129.44,90.59,89.07
1289,119.92,124.33,89.54,87.92
1290,115.15,126.05,87.25,89.1
1291,111.45,122.76,85.63,89.01
1292,109.91,117.71,84.94,87.24
1293,108.17,112.93,84.21,82.32
1294,103.79,111.04,82.54,84.02
1295,100.9,109.43,81.44,86.18
1296,101.06,106.34,83.01,85.48
1297,97.26,105.6,80.68,82.54
1298,94.27,104.83,80.7,84.67
1299,90.65,98.27,78.96,81.27
1300,86.87,95.44,77.21,81.98
1301,84.58,92.42,78.39,79.24
1302,82.76,92.53,78.48,82.49
1303,80.29,97.35,80.8,83.35
1304,79.13,93.98,79.32,85.98
1305,79.08,91.22,74.14,78.68
1306,78.5,87.12,76.63,79.59
1307,76.04,87.82,76.61,81.49
1308,78.11,85.79,73.19,81.68
1309,75.38,84.6,74.81,82.61
1310,76.51,85.32,74.79,82.61
1311,77.91,88.23,74.76,82.95
1312,78.4,90.95,74.81,81.56
1313,80.26,97.19,72.22,81.68
1314,85.26,98.05,73.19,79.92
1315,87.86,97.99,74,77.81
1316,89.95,99.8,74.09,79.47
1317,91.74,104.66,73.6,80.28
1318,97.25,106.55,75.33,77.83
1319,101.93,110.54,77.13,76.53
1320,106.08,115.42,80.03,80.82
1321,112.95,121.42,83.93,82.99
1322,119.88,130.69,88.08,86.31
1323,127.11,131.05,93.91,89.05
1324,140.83,142.51,109.28,99.26
1325,150.89,155.5,123.12,120.14
1326,162.49,165.34,137.23,133.1
1327,174.71,178.84,149.48,147.02
1328,179.96,178.72,142.89,141.1
1329,174.13,178.75,144.05,145.74
1330,177.6,178.59,142.56,143.46
1331,179.03,175.61,143.33,147.74
1332,179.52,175.81,141.83,142.91
1333,175.34,177.12,138.58,145.3
1334,177.04,174.12,144.14,156.21
1335,176.14,174.14,138.05,154.58
1336,174.31,170.6,133.59,145.18
1337,172.72,170.26,133.19,140.92
1338,173.06,170.76,129.64,138.81
1339,173.14,170.95,129.48,134.56
1340,174.34,171.92,128.87,135.42
1341,174.17,174.58,126.99,135.28
1342,174.16,174.86,128.82,134
1343,175.4,177.23,130.07,135.76
1344,175.34,174.64,133.63,136.84
1345,178.66,174.61,130.41,138.9
1346,179.96,175.9,132.05,139.38
1347,177.22,174.51,128.76,132.05
1348,176.08,174.72,131.03,131.6
1349,176.02,171.83,133.85,138
1350,172.31,173.13,132.75,138.82
1351,172.42,170.84,134.55,136.47
1352,170.62,170.48,136.25,137.88
1353,168.52,162.11,127.08,124.4
1354,156.17,159.99,105.6,103.5
1355,143.64,151.3,98.69,94.79
1356,135.84,143.1,96.63,93.69
1357,128,145.73,96.23,91.35
1358,122.22,137.57,90.79,86.92
1359,116.3,126.86,87.32,86.51
1360,109.37,112.25,86.07,83.82
1361,108.65,115.33,85.46,86.15
1362,106.02,114.66,85.36,82.83
1363,104.25,110.37,83.56,84.64
1364,101.28,111.33,82.44,83.29
1365,100.33,110.39,82.41,80.82
1366,97.64,109.66,80.63,81.94
1367,95.04,110.21,80.58,81.96
1368,94.09,106.99,80.58,80.81
1369,92.4,109.51,79.75,83.15
1370,90.29,104.04,77.71,81.87
1371,89.7,104.51,81.12,82.35
1372,89.44,104.46,79.45,82.34
1373,89.18,103.32,79.47,82.41
1374,90.15,105.29,81.81,83.17
1375,90.14,104.53,81.81,82.41
1376,88.43,103.35,78.23,82.38
1377,88.41,102.01,80.79,81.08
1378,88.17,99.65,75.92,81.9
1379,89.19,101.9,75.95,81.65
1380,88.99,98.44,77.92,79.15
1381,89.27,100.46,79.8,81.85
1382,91.09,101.6,79.92,80.69
1383,92.95,102.63,79.92,79.52
1384,95.61,107.82,80.37,81.85
1385,96.48,107.7,80.37,81.44
1386,100.06,111.76,84.56,82.68
1387,101.88,113.95,84.65,80.41
1388,103.85,113.31,85.69,84.22
1389,107.55,116.52,87.46,84.22
1390,111.18,118.5,88.5,82.23
1391,114.05,122.52,90.3,86.14
1392,116.89,127.66,90.69,85.19
1393,119.7,129.94,91.25,87.63
1394,122.67,131.58,90.04,85.36
1395,126.15,133.64,91.7,87.37
1396,129.1,137.72,93.33,86.91
1397,135.52,137.08,96.91,86.29
1398,138.35,142.06,97.27,86.94
1399,139.07,148.13,94.99,88.09
1400,141.51,148.52,97.71,91.01
1401,146.01,152.97,95.63,91.53
1402,146.49,158.18,95.67,92.37
1403,152.98,161.29,98.29,94.04
1404,157.67,164.24,101.32,94.13
1405,164.24,168.29,103.75,99.22
1406,166.93,171.19,104.99,96.62
1407,168.41,172.16,105.08,97.91
1408,172.08,174.89,106.12,101.82
1409,173.54,177.55,108.66,100.73
1410,172.22,177.11,107.41,101.68
1411,175.76,178.56,107.3,105.6
1412,178.31,178.9,109.71,102.78
1413,178.5,177.57,108.56,104.06
1414,179.63,176.37,108.48,107.95
1415,179.67,174.09,109.57,107.86
1416,179.08,173.72,109.58,107.87
1417,177.81,173.98,108.41,104.23
1418,176.63,176.74,109.55,104.28
1419,176.58,174.21,109.54,105.63
1420,177.81,176.71,109.59,106.68
1421,176.39,176.81,108.41,106.52
1422,176.42,179.15,108.41,104.27
1423,176.41,179.42,108.42,104.3
1424,177.86,178.12,108.42,104.28
1425,179.11,176.36,108.47,107.98
1426,177.67,177.94,108.45,107.95
1427,177.88,179.04,108.41,108.08
1428,177.53,177.67,106.16,104.47
1429,177.65,173.26,108.43,105.5
1430,177.51,172.41,106.17,106.65
1431,177.43,172.09,108.41,107.97
1432,176.16,172.9,108.41,105.47
1433,177.41,170.74,108.43,106.69
1434,176,172.3,106.21,106.71
1435,176,171.99,106.21,109.34
1436,176.01,169.78,106.18,108.2
1437,177.28,171.02,106.18,108.19
1438,176.27,175.36,107.24,108.22
1439,177.67,174.03,109.55,109.53
1440,176.62,175.52,109.51,106.97
1441,175.32,176.82,108.36,105.59
1442,175.56,175.7,110.82,106.93
1443,176.62,176.7,110.84,109.54
1444,175.37,175.43,110.84,107.02
1445,177.84,174.07,109.57,110.92
1446,177.96,176.5,109.4,108.34
1447,177.98,175.24,108.26,110.98
1448,177.79,175.4,108.4,108.38
1449,175.49,173.97,107.3,108.39
1450,175.21,174.06,107.15,108.29
1451,177.79,175.11,108.21,108.29
1452,179.78,173.92,108.37,108.29
1453,178.25,176.67,108.39,109.52
1454,176.89,177.96,108.39,105.69
1455,179.61,179.86,110.86,105.58
1456,179.76,177.36,108.54,104.27
1457,178.54,178.47,107.57,104.25
1458,175.88,174.91,109.71,103.22
1459,176.05,175.03,108.69,103.42
1460,175.94,173.3,108.63,103.04
1461,172.08,174.72,107.41,100.5
1462,169.48,174.78,105.06,104.38
1463,168.14,172.24,105.06,101.79
1464,168.18,169.24,106.34,104.28
1465,165.56,165.75,105.1,101.07
1466,160.48,160.4,104.12,97.18
1467,157.51,161.08,102.92,100.5
1468,153.24,153.03,101.32,91.69
1469,143.07,151.03,95.67,92.77
1470,139.58,148.8,95.07,90.76
1471,133.2,149.3,91.34,91.51
1472,130.79,147.86,90.76,91.1
1473,129.07,143.73,90.3,88.8
1474,121.79,133.32,88.83,83.59
1475,119.33,128.77,90.07,83.56
1476,115.66,123.98,88.3,85.07
1477,111.65,123.91,86.53,89.32
1478,107.42,116.96,87.86,86.49
1479,104.51,113.03,86.03,87.22
1480,99.66,114.2,81.68,86.63
1481,97.76,111.12,83.03,87.32
1482,94.03,106.37,81.18,86.6
1483,92.08,101.98,81.13,85.34
1484,89.18,99.89,79.83,83.29
1485,86.45,99.15,81.72,83.8
1486,84.18,98.9,76.34,83.41
1487,82.9,95.96,75.47,82.52
1488,81.09,94.46,76.99,82.44
1489,79.24,93.5,76.98,82.48
1490,79.18,88.31,76.94,80.74
1491,77.78,87.52,76.3,80.75
1492,79.17,87.49,75.47,80.71
1493,77.55,87.01,75.94,82.75
1494,80.26,87.01,76.93,82.76
1495,79.35,86.98,74.55,82.75
1496,79.79,88.22,74.54,82.7
1497,82.15,92.03,75.42,83.19
1498,83.34,91.52,79.66,78.71
1499,86.13,94.88,77.88,82.7
1500,86.78,96.49,79.79,81.16
1501,87.23,97.22,77.52,80.8
1502,90.81,98.5,79.79,79.95
1503,93.63,104.29,79.33,82.79
1504,98.28,108.31,82.74,83
1505,104.03,112.18,83.9,87.2
1506,109.68,117.49,88.15,88.43
1507,115.16,128.59,92.3,95.51
1508,123.18,131.44,102.76,99.09
1509,131.92,140.49,112.21,105.17
1510,144.03,156.55,118.87,117.55
1511,156.51,168.71,133.05,133.59
1512,173.46,175.73,147.07,153.65
1513,176.2,179.86,142.28,100.71
1514,179.97,177.42,142.58,50.24
1515,177.4,177.75,140.58,49.13
1516,177.33,176.52,144.8,49.42
1517,178.73,178.18,143.34,48.32
1518,177.28,178.33,143.26,48.73
1519,179.79,178.8,136.96,68.33
1520,178.99,179.51,135.76,47.76
1521,178.97,178.35,135.37,112.36
1522,177.58,175.56,131.91,64.28
1523,176.28,176.04,133.33,62.09
1524,176.26,178.9,128.58,127.93
1525,176.43,179.79,127.06,126.6
1526,176.44,178.67,128.82,127
1527,176.41,178.36,127.6,130.76
1528,177.41,178.3,132.02,136.57
1529,175.32,176.05,127.62,133.39
1530,177.8,175.92,130.46,135.62
1531,174.98,173.47,127.35,133.94
1532,178.51,171.65,129.62,129.51
1533,176.09,174.13,130.24,136.37
1534,175.79,173.11,133.36,140.42
1535,172.43,169.39,134.66,141.68
1536,169.75,170.99,138.17,143.22
1537,166.67,174.54,139.6,141.65
1538,162.77,166.39,130.1,129.9
1539,151.89,158.49,102.78,105
1540,147.65,153.71,97.45,94.99
1541,138.44,143.84,92.03,85.72
1542,131.11,131.67,88.64,88.19
1543,125.09,126.28,88.95,91.76
1544,116.71,122.43,87.18,89.1
1545,111.79,120.63,83.32,87.92
1546,110.74,123.56,82.67,87.31
1547,104.14,115.02,84.14,87.39
1548,105.87,115.67,83.28,87.34
1549,101.5,112.83,80.83,87.3
1550,98.76,111.95,80.77,87.33
1551,97.62,113.07,81.55,87.4
1552,96.73,112.62,81.55,88.43
1553,95.02,110.55,82.15,88.43
1554,92.42,109.28,84.09,85.72
1555,91.09,110.95,81.2,86.8
1556,89.23,111.37,83.09,91.33
1557,86.35,110.19,81.95,88.22
1558,86.37,108.14,80.13,91.3
1559,87.34,110.01,84.57,92.15
1560,86.25,110.56,80.68,93.82
1561,85.49,108.01,81.06,92.22
1562,87.22,107.43,79.81,91.66
1563,86.17,107.89,79.76,89.09
1564,85.5,107.39,77.43,91.57
1565,85.23,106.89,78.16,89.14
1566,85.98,109.96,78.2,93.09
1567,87.09,109.14,78.23,92.3
1568,86.33,109.18,80.08,92.25
1569,89.94,112.79,79.23,92.87
1570,90.2,107.83,81.12,92.8
1571,91.81,110.54,79.96,87.46
1572,92.88,110.57,80.02,90.48
1573,94.52,112.53,80.74,87.4
1574,99.55,115.47,84.76,90.43
1575,100.43,115.9,82.4,86.78
1576,103.14,117.16,84.19,86.7
1577,104.17,115.51,84.22,87.33
1578,107.81,118.84,86.03,91.88
1579,110.59,121.21,87.77,93.04
1580,112.17,126.74,88.48,95.64
1581,114.98,126.74,87.6,89.07
1582,117.95,127.48,91.28,92.21
1583,122.1,131.71,91.19,89.66
1584,126.71,136.81,92.88,93
1585,129.59,137.48,94.45,88.93
1586,134.3,143.08,95.68,91.37
1587,135.54,147.61,94.81,95.6
1588,139.69,148.11,97.18,96.05
1589,142.54,152.46,97.55,97.71
1590,143.6,154.16,98.98,100.62
1591,147.03,156.48,96.42,100.15
1592,154.02,159.48,102.82,100.23
1593,160.25,159.62,102.67,100.55
1594,163.08,166.49,103.69,103.09
1595,166.67,168.9,107.24,104.12
1596,168.18,168.92,103.59,102.77
1597,169.52,171.7,104.74,102.84
1598,172.12,174.43,106,105.52
1599,172.44,178.53,105.07,106.8
1600,176.15,178.35,106.1,104
1601,175.96,177.71,105.95,105.34
1602,179.73,178.72,107.16,105.43
1603,179.65,176.34,107.14,109.38
1604,177.98,175.25,108.46,109.39
1605,178.11,176.81,108.36,105.63
1606,176.66,175.52,109.44,110.52
1607,175.16,177.78,108.28,107.98
1608,177.67,175.09,109.59,109.25
1609,178.98,174.83,109.61,108.2
1610,177.49,177.48,107.08,108.14
1611,175.96,173.72,108.19,109.46
1612,175.09,170.86,108,109.45
1613,175.06,176.44,106.87,109.09
1614,176.09,177.6,109.34,107.99
1615,175.3,172.62,106.87,109.09
1616,177.89,172.61,105.51,109.09
1617,177.49,174.85,105.67,107.83
1618,177.45,176.65,105.69,106.49
1619,177.47,175.42,108.14,106.44
1620,177.32,174.78,104.37,106.52
1621,177.35,177.86,104.36,103.85
1622,177.33,177.88,104.38,103.83
1623,177.33,177.8,104.38,106.34
1624,177.29,176.57,106.85,105.15
1625,177.16,178.95,104.31,103.77
1626,179.63,177.5,103.03,105.23
1627,178.69,177.65,106.98,103.96
1628,178.79,179.67,105.73,103.9
1629,177.45,178.65,105.69,104.04
1630,178.73,178.29,105.73,103.89
1631,178.94,178.48,105.74,103.89
1632,177.18,179.54,105.73,106.51
1633,175.97,178.37,104.48,104.06
1634,174.71,176.84,104.4,105.06
1635,173.33,175.69,104.48,102.7
1636,172.16,175.71,103.17,103.99
1637,172.35,171.67,103.35,101.29
1638,167.16,169.62,102.44,100.19
1639,163.04,172.1,101.17,101.42
1640,156.55,167.06,98.81,99.28
1641,153.71,166.99,97.63,98.08
1642,153.4,165.24,97.23,98.98
1643,150.72,163.95,97.54,93.89
1644,146.66,163.61,94.08,97.3
1645,142.78,160.69,92.53,97.27
1646,139.61,157.41,93.24,95.54
1647,138.53,148.8,93.12,91.9
1648,130.57,147.01,90.38,88.46
1649,128.5,145.89,91.58,90.73
1650,125.58,138.53,90.04,90.93
1651,121.27,134.93,88.76,91.68
1652,117.26,131.64,85.84,90.48
1653,115.43,128.96,85.14,87.82
1654,109.71,124.3,82.29,87.28
1655,108.95,122.17,83.94,84.68
1656,103.11,116.82,81.69,80.62
1657,101.4,115.99,80.98,84.4
1658,100.37,111.39,80.89,84.43
1659,93.77,107.18,75.83,83.23
1660,91.78,99.56,75.77,82.05
1661,90.84,104.51,77.22,84.99
1662,88.91,100.31,79.01,85.07
1663,86.29,105.38,78.17,88.65
1664,84.87,97.76,78.09,84.12
1665,83.96,103.8,74.54,87.52
1666,83.53,98.51,74.42,88.43
1667,77.53,95.03,75.32,88.35
1668,77.98,91.08,74.29,85.57
1669,76.7,92.08,71.57,87.79
1670,75.7,89.14,72.43,85.07
1671,74.45,88.43,69.66,85.88
1672,71.91,88.37,70.63,85.1
1673,73.33,89.18,68.74,87.75
1674,72.43,90.51,67.85,81.76
1675,74.24,91.35,70.61,82.68
1676,74.94,91.92,70.58,86.49
1677,76.14,89.73,70.6,86
1678,77.07,92.76,71.52,87.38
1679,79.02,95.86,71.58,87.31
1680,81.38,99.06,73.12,82.38
1681,84.18,99.7,76.75,83.36
1682,86.29,103.73,75.31,87.26
1683,89.91,107.86,77.17,85.26
1684,91.8,113.04,78.09,85.08
1685,97.57,113.94,79.03,83.96
1686,99.43,119.93,79.97,88.95
1687,105.18,118.23,86.98,89.97
1688,111.69,119.32,86.87,92.56
1689,120.61,139.02,92.16,99.61
1690,132.25,142.99,102.72,100.15
1691,138.89,151.71,112.69,115.68
1692,148.72,160.45,128.19,131.73
1693,167.79,166.05,148.65,144.62
1694,174.49,174.07,147.93,145.91
1695,177.28,175.81,143.64,143.84
1696,179.88,179.73,148.44,146.4
1697,177.32,174.46,143.76,139.31
1698,178.49,172.91,144.45,139.46
1699,179.73,172.75,141.78,145.66
1700,177.74,173.04,143.09,140.91
1701,175.16,174.24,138.36,142.95
1702,174.92,174.06,135.86,135.87
1703,173.55,171.24,133.08,139.55
1704,173.71,171.8,133.79,137.3
1705,174.79,171.8,131.63,135.11
1706,173.49,173.25,131.55,137.36
1707,173.39,175.91,129.66,134.92
1708,173.93,175.91,126.74,132.66
1709,172.41,176,124.9,137.49
1710,177.78,177.08,127.56,133.98
1711,175.18,173.49,127.6,126.45
1712,175.96,175.72,127.13,128.57
1713,175.96,172.83,127.06,128.47
1714,173.83,171.79,125.67,120.5
1715,175.1,174.84,130.46,127.14
1716,172.45,175.95,127.51,128.74
1717,172.43,176.15,133.51,132.85
1718,171.15,175.88,134.39,142.6
1719,168.79,172.9,130.27,136.83
1720,158.17,162.03,112.04,110.18
1721,149.63,152.86,103.08,90.89
1722,146.47,144.46,97.16,88.39
1723,133.01,138.01,89.06,88.95
1724,124.41,136.68,90.67,85.17
1725,116.9,132.38,87.41,89.43
1726,110.32,117.55,85.53,84.23
1727,106.85,115.75,83.87,86.77
1728,100.89,111.32,82.8,82.99
1729,98.27,101.24,79.53,80.9
1730,99.32,112.91,81.76,79.09
1731,94.71,101.59,81.74,81.06
1732,95.58,107.01,80.48,80.68
1733,96.44,108.74,77.74,80.21
1734,91.85,106.69,76.78,83.03
1735,92.59,104.6,80.46,84.24
1736,92.84,107.99,82.75,82.68
1737,90.06,108.08,77.89,81.55
1738,90.71,105.55,77.73,86.23
1739,89,101.9,79.42,85.56
1740,88.19,103.09,79.92,83.57
1741,88.19,100.56,78.69,84.19
1742,89.25,101.88,80.98,81.22
1743,91.02,105.25,81.05,87.6
1744,90.02,103.6,78.73,84.2
1745,92.11,104.67,83.72,84.25
1746,92.92,108.39,83.16,81.97
1747,95.68,106.15,81.81,83.6
1748,97.46,107.82,81.8,81.42
1749,99.45,109.15,82.91,83.6
1750,99.19,111.63,81.29,82.11
1751,102.05,111.78,82.27,85.01
1752,104.81,113.54,84.1,85.73
1753,108.57,115.1,85.17,83.49
1754,111.53,119.32,86.31,85.21
1755,116.71,126.52,91.21,87.18
1756,119.52,130.96,90.3,90.62
1757,122.29,132.96,92.18,91.74
1758,126.05,137.77,92.04,90.56
1759,128.91,138.83,92.48,90.6
1760,133.05,141.43,93.7,91.77
1761,138.23,143.35,97.48,88.88
1762,140.11,150.43,96.42,94.65
1763,144.63,150.02,97.89,91.17
1764,149.76,158.34,98.95,93.57
1765,152.61,164.96,97.64,95.8
1766,160,166.39,103.66,100.25
1767,165.32,169.08,103.86,100.02
1768,168.04,170.59,107.55,104.3
1769,172.07,173.48,106.44,101.71
1770,173.34,174.87,107.27,104.24
1771,173.6,176.99,106.38,103.86
1772,177.36,179.79,107.51,106.38
1773,179.83,178.8,108.67,105.26
1774,178.57,178.81,108.8,109.33
1775,177.41,179.95,107.54,105.27
1776,176.45,175,109.97,106.53
1777,176.12,174.94,109.14,106.64
1778,175.17,172.23,110.03,108.07
1779,176.49,172.72,107.77,108.18
1780,177.46,176.58,108.8,106.75
1781,175.16,175.21,108.62,105.27
1782,174.99,175.14,108.56,108
1783,177.52,179.16,107.26,102.77
1784,175.24,179.36,108.6,105.46
1785,176.03,178.13,107.24,106.21
1786,176.39,175.11,107.14,102.31
1787,177.43,176.32,106.18,104.92
1788,176.39,178.17,106.2,102.1
1789,176.39,178.14,106.16,102.09
1790,176.42,174.92,106.17,102.25
1791,175.35,176.22,106.02,102.23
1792,176.22,176.24,108.51,102.28
1793,176.44,175.28,108.48,102.18
1794,176.08,176.17,109.63,102.32
1795,177.24,179.22,105.15,103.56
1796,175.99,179.01,107.36,100.97
1797,177.27,179.2,105.11,103.53
1798,177.43,179.01,107.28,103.59
1799,175.74,175.98,102.7,102.27
1800,176.25,177.62,107.1,102.63
1801,176.25,176.45,107.11,104.71
1802,177.12,174.66,104.99,102.21
1803,177.53,175.12,107.1,104.76
1804,174.75,176.2,108.38,101.91
1805,174.9,174.71,106.19,101.24
1806,177.27,176.08,105.13,102.86
1807,178.59,174.48,108.3,105.32
1808,178.79,178.99,108.31,107.73
1809,178.81,179.07,107.26,107.77
1810,177.29,176.59,107.21,104.96
1811,178.51,179.78,107.42,105.42
1812,177.38,176.76,106.1,106.4
1813,178.62,178.04,105.27,103.9
1814,178.75,176.89,105.09,103.81
1815,178.54,176.75,107.04,105.13
1816,179.16,175.41,104.99,103.6
1817,177.26,176.85,104.78,103.78
1818,175.91,178.15,104.73,102.18
1819,173.37,177.03,105.97,102.62
1820,169.59,174.53,104.95,99.77
1821,169.31,174.47,104.72,99.71
1822,165.37,167.69,103.43,97.01
1823,162.58,168.98,102.24,97.12
1824,157.41,167.61,102.53,97.05
1825,153.5,166.34,98.82,98.39
1826,152.07,161.03,98.8,94.78
1827,150.64,158.19,98.71,93.55
1828,146.8,158.97,97.6,94.31
1829,144.66,149.27,100.94,90.58
1830,136.69,148.64,98.58,91.83
1831,134.28,141.93,97.37,89.44
1832,129.11,145.67,94.65,91.4
1833,125.01,142.21,90.89,90.16
1834,124.18,138.75,92.15,92.26
1835,121.07,139.3,90.53,90.11
1836,117.73,132.78,88.31,88.38
1837,115.91,124.93,87.61,90.49
1838,113.01,123,86.47,87.02
1839,108.91,116.51,84.54,82.86
1840,103.92,116.19,82.34,83.35
1841,100.27,113.04,83.09,84.36
1842,99.27,105.59,83.1,83.23
1843,98.26,110.62,81.83,84.22
1844,94.59,104.02,81.35,81.66
1845,92.67,101.04,78.72,81.65
1846,90.22,97.46,81.99,82.08
1847,88.92,98.52,80.87,83.22
1848,87.16,92.52,78.84,79.18
1849,83.84,91.54,77.14,77.14
1850,82.27,89.6,75.77,80.92
1851,82.83,90.01,77.27,80.56
1852,80.42,89.53,77.18,80.48
1853,78.07,85.78,76.17,78.87
1854,76.22,83.76,74.37,77.77
1855,75.59,84.5,74.32,80.21
1856,77.11,87.27,73.46,78.39
1857,77.13,87.61,73.42,77.41
1858,75.52,88.12,72.58,82.28
1859,76.22,87.28,72.6,82.32
1860,75.26,87.18,74.24,78.4
1861,77.52,89.38,71.61,79.58
1862,78.32,89.41,74.27,79.6
1863,80.6,93.68,74.33,78.41
1864,81.83,94.42,73.44,78.08
1865,86.25,96.21,75.34,78.74
1866,87.23,97.02,76.35,78.57
1867,92.83,105.89,77.28,84.11
1868,96.51,105.42,79.03,81.15
1869,102.97,115.39,83.23,81.39
1870,106,123.73,84.24,85.52
1871,113.33,129.11,89.62,89.76
1872,118.23,134.45,94.56,91.43
1873,128.97,135.01,100.48,102.11
1874,139.82,140.09,110.39,107.25
1875,152.41,159.71,123.37,133.09
1876,167.88,169.94,141.61,145.96
1877,177.35,175.35,148.27,140.34
1878,176.31,174.19,141.6,137.93
1879,176.15,178.22,145.9,138.66
1880,173.49,176.7,148.25,140.5
1881,177.41,174.23,147.95,147.43
1882,179.78,176.09,142.14,146.75
1883,175.4,172.21,139.87,146.33
1884,175.12,176.06,138.49,142.6
1885,174.02,177.85,135.12,145.76
1886,173.64,175.13,132.7,147.06
1887,175.9,175.13,132.17,148.26
1888,176.96,173.65,133.15,41.86
1889,177.33,174.67,133.27,42.97
1890,176.19,175.37,133.47,41.91
1891,174.83,176.9,133.51,41.99
1892,175.01,176.92,131.69,136.86
1893,171.5,175.2,130.71,136.89
1894,172.63,174.14,132.07,135.62
1895,173.05,176.89,130.37,136.98
1896,178.34,177.39,128.45,136.14
1897,178.47,178.48,130.54,135.65
1898,173.86,172.41,132.97,135.73
1899,173.62,176.95,134.1,134.34
1900,168.61,172.68,129.82,132.89
1901,163.26,172.51,132.11,133.19
1902,161.57,171.89,133.35,132.61
1903,154.4,163.19,120.86,115.76
1904,145.95,149,95.64,94.46
1905,132.88,150.88,91.92,94.79
1906,126.3,141.26,90.67,91.72
1907,121.48,131.93,84.65,85.84
1908,116.17,120.05,85.25,84.22
1909,108.13,116.6,79.78,85.95
1910,104.28,114.01,80.03,88.02
1911,94.52,107.16,79.27,89.15
1912,94.71,106.02,79.39,85.93
1913,90.89,106.11,74.77,83.05
1914,90.32,107.85,74.14,78.7
1915,88.42,104.85,78.23,83.42
1916,88.22,104.89,79.05,84.26
1917,84.58,105.46,77.27,83.26
1918,81.68,103.55,77.27,83.94
1919,80.54,100.9,78.29,83.26
1920,80.95,98.93,74.15,80.99
1921,79.07,99.25,78.15,85.3
1922,79.03,96.45,76.72,82
1923,78.33,100.07,78.15,87.72
1924,77.2,97.59,74.13,84.71
1925,79.02,97.38,78.15,84.78
1926,79.05,98.97,76.71,84.65
1927,80.91,99.41,78.13,86.79
1928,81.77,101.54,76.27,85.38
1929,84.51,103.25,77.19,82.01
1930,84.42,100.77,76.74,83.33
1931,86.07,100.62,78.84,84.2
1932,86.91,98.07,74.6,81.72
1933,89.86,100.77,78.36,80.49
1934,93.73,107.2,79.38,84.51
1935,97.5,105.8,82.26,82.44
1936,100.17,105.83,83.08,86.8
1937,103.2,112.05,84.17,84.6
1938,106,112.35,86.04,86.09
1939,106.75,116.57,86.66,87.78
1940,110.66,119.6,83.98,83.46
1941,114.32,128.72,89.52,88.24
1942,117.12,130.27,87.59,88.29
1943,121.28,132.22,88.74,87.68
1944,124.25,135.48,90.44,90.1
1945,128.55,141.45,94.19,94.14
1946,131.45,143.47,97.11,94.28
1947,135.55,148.52,94.2,98.61
1948,138.96,150.49,95.26,97.66
1949,143.62,150.91,98.69,100.28
1950,148.27,153.49,98.07,101.55
1951,150.59,157.77,103.92,102.85
1952,157.6,160.66,103.86,104.15
1953,161.56,163.45,102.48,102.82
1954,165.62,164.77,106.35,107.87
1955,169.57,168.76,104.98,107.89
1956,169.47,171.48,107.31,107.87
1957,173.2,173.94,108.37,109.12
1958,173.47,173.97,108.65,107.83
1959,175.76,172.79,109.57,107.96
1960,179.6,175.46,110.8,110.49
1961,178.63,178.27,110.88,110.71
1962,178.53,175.58,108.32,108.06
1963,177.22,176.88,110.87,110.64
1964,178.62,179.04,108.52,109.33
1965,177.69,176.19,109.59,108.13
1966,177.6,177.71,109.57,108.12
1967,177.42,176.31,109.59,110.65
1968,177.43,173.47,109.59,109.57
1969,177.43,176.07,109.59,109.65
1970,177.63,176.41,109.61,113.44
1971,177.43,177.69,109.61,113.4
1972,177.65,175.11,109.62,113.44
1973,177.46,174.99,109.64,113.39
1974,176.43,174.94,110.85,113.41
1975,175.19,174.86,110.89,113.46
1976,176.38,174.87,110.82,113.4
1977,176.34,173.44,110.87,110.97
1978,176.08,173.43,110.92,112.06
1979,176.11,172.09,110.94,112.06
1980,175.06,173.53,110.91,110.87
1981,176.08,174.66,111.02,108.52
1982,176.25,171.83,111.03,108.51
1983,177.72,172.04,111.03,114.93
1984,177.63,178.76,110.96,109.92
1985,177.6,178.76,110.95,109.91
1986,176.11,176.11,111.03,112.31
1987,176.34,177.27,110.92,109.94
1988,176.27,172.2,110.96,112.27
1989,176.35,172.33,110.94,112.3
1990,177.65,176.16,110.95,110.95
1991,179.74,174.72,109.62,110.94
1992,178.58,178.85,109.69,112.12
1993,178.6,178.84,109.66,109.51
1994,177.1,179.92,109.57,106.75
1995,178.57,178.42,112.29,109.52
1996,175.89,177.11,108.43,109.45
1997,175.65,176.9,108.22,108.05
1998,171.98,175.7,109.76,106.91
1999,168.01,174.48,105.97,104.19
2000,168.05,173.14,106.1,105.44
2001,165.3,170.54,104.92,101.58
2002,161.17,168.99,103.64,104.06
2003,161.17,163.43,106.3,101.62
2004,158.37,159.32,102.51,99.06
2005,152.91,152.25,104.09,98.14
2006,147.69,159,101.7,99.09
2007,142.71,153.15,98.97,101.46
2008,139.05,148.73,95.29,97.65
2009,137.42,147.69,94.15,95.35
2010,136.08,145.98,93.59,97.17
2011,133.12,144.07,92.43,97.16
2012,127.86,136.41,90.81,91.91
2013,125.01,132.41,89.13,90.57
2014,121.55,131.75,84.72,87.68
2015,116.48,129.91,84.07,90.07
2016,114.12,127.98,83.89,86.57
2017,110.73,115.65,81.06,88.2
2018,110.69,114.99,81.44,87.61
2019,105.1,110.37,77.68,85.18
2020,102.23,108.49,78.56,87.91
2021,98.34,110.14,78.83,88.58
2022,96.54,105.12,78.05,87.94
2023,91.98,109.37,76.31,85.15
2024,91.99,108.98,74.09,87.13
2025,89.16,108.44,75.35,85.01
2026,87.33,107.37,75.47,86.28
2027,87.24,104.16,75.98,86.22
2028,85.1,100.01,74.43,84.89
2029,83.96,103.39,75.9,87.55
2030,82.01,100.32,74.49,86.72
2031,80.06,100.19,74.52,86.83
2032,78.88,98.1,74.48,86.83
2033,77.02,96.18,74.44,86.18
2034,76.97,95.25,74.47,86.16
2035,76.28,94.9,74.51,92.87
2036,75.7,95.46,74.53,92.09
2037,76.3,94.85,74.55,87.03
2038,76.3,94.82,77.17,89.09
2039,76.98,97.56,77.2,92.14
2040,78.2,98.54,77.22,90.56
2041,79.36,102.81,74.57,91.34
2042,82.32,106.16,74.59,91.35
2043,85.11,106.64,75.48,90.62
2044,86.42,108,77.3,89.96
2045,88.44,109.17,77.3,87.14
2046,92.99,109.49,79.12,85.87
2047,95.63,111.15,80.87,88.05
2048,100.36,112.99,82.7,86.06
2049,105.92,116.15,83.22,86.85
2050,116.65,123.02,91.71,92.19
2051,124.49,133.75,96.85,97.81
2052,134.14,132.86,106.55,103.24
2053,143.85,146.15,114.7,116.41
2054,158.4,154.96,132.12,127.22
2055,164.78,163.44,143.9,142.62
2056,174.59,177.13,141.01,146.75
2057,175.89,180,141.36,142.3
2058,176.16,178.74,142.38,153.41
2059,177.28,178.8,143.74,153.13
2060,178.86,178.88,143.01,143.57
2061,177.69,177.25,145.28,146.82
2062,179.4,174.99,140.9,142.18
2063,179.84,178.87,137.55,142.99
2064,179.86,179.72,139.48,145.06
2065,178.58,177.76,137.15,139.91
2066,178.98,178.29,134.65,136.78
2067,178.81,179.69,129.96,138.13
2068,178.73,178.58,132.82,134.7
2069,178.62,177.23,131.15,134.58
2070,178.67,178.52,130.97,138.22
2071,178.43,179.96,129.45,136.51
2072,178.4,179.82,131.26,138.35
2073,179.55,177.68,133.22,130.54
2074,177.37,178.9,132.37,131.66
2075,179.71,177.39,128.18,129.8
2076,176.5,177.49,128.8,130.24
2077,176.33,173.92,137.46,127.93
2078,176.12,172.26,140.91,134.35
2079,170.98,170.86,141.38,136.52
2080,168.59,168.38,139.1,140.94
2081,164.94,164.19,138.73,139.13
2082,159.59,157.94,122.56,120.32
2083,145.93,140.78,101.82,98.38
2084,138.49,132.52,93.66,88.86
2085,131.54,136.62,87.53,87.24
2086,125.39,123.15,80.17,85.15
2087,115.02,122.93,80.48,87.26
2088,106.45,114.49,79.05,86.78
2089,102.36,109.04,79.77,82.49
2090,98.6,101.89,77.08,79.1
2091,90.77,98.07,73.27,80.05
2092,88.12,94.78,74.34,80.9
2093,87.29,99.01,74.4,82.99
2094,87.42,101.77,75.13,81.78
2095,83.35,103.74,75.12,86.65
2096,83.29,105.12,75.13,86.71
2097,80.29,98.66,75.1,83.28
2098,78.59,95.5,74.15,85.25
2099,78.04,94.61,74.06,85.27
2100,76.65,94.13,74.09,82.27
2101,74.57,94.71,73.11,82.83
2102,73.38,91.87,70.17,82.33
2103,73.38,93.23,70.16,85.08
2104,74.57,89.1,73.08,81.8
2105,75.08,90.42,73.1,80.84
2106,75.77,88.29,73.11,81.84
2107,78.53,92.32,74.15,82.39
2108,79.27,93.1,76.88,84.68
2109,79.61,94.98,77.88,83.8
2110,80.79,97.96,77.92,84.57
2111,84.96,97.12,77.14,87.53
2112,86.16,102.11,82.43,85.07
2113,89.12,106.65,81.77,86.41
2114,90.15,109.54,84.45,88.55
2115,91.87,113.3,80.95,87.74
2116,95.57,113.36,82.73,91.24
2117,99.42,109.04,81.11,83.68
2118,102.17,115.88,82.95,87.64
2119,105.02,119.41,85.61,89.09
2120,107.82,120.03,84.78,89.68
2121,111.36,121.77,87.15,88.42
2122,115.09,123.45,88.17,87.57
2123,117.35,123.99,87.01,89.96
2124,120.93,124.79,88.63,89.92
2125,126.06,128.47,88.73,87.49
2126,129.6,132.29,89.23,88.85
2127,133.78,139.19,93.02,93.06
2128,136.08,140.03,94.57,93.13
2129,139.65,143.6,93.1,93.56
2130,139.91,146.55,90.98,97.28
2131,142.85,149.26,92.15,97.01
2132,145.32,150.65,93.67,97.23
2133,152.35,152.7,95.99,94.31
2134,157.54,156.62,96.92,98.58
2135,161.76,160.9,95.77,95.35
2136,165.43,160.53,99.42,102.14
2137,165.45,163.44,101.01,101.32
2138,169.43,166.07,102.34,102.78
2139,170.74,163.56,104.61,102.84
2140,174.25,166.31,105.51,103.86
2141,174.6,170.3,105.96,105.25
2142,177.18,166.37,104.5,101.1
2143,176.94,171.42,106.77,106.43
2144,179.65,168.83,105.68,105.06
2145,178.45,173.07,105.66,106.78
2146,178.94,179.87,106.76,109.33
2147,176.33,179.76,108.1,108.96
2148,175.09,179.69,107,108.35
2149,174.86,176.13,106.97,110.69
2150,174.95,176.22,108,108.06
2151,176.42,176.32,110.64,109.8
2152,176.44,173.66,107.97,109.47
2153,176.22,173.54,108.1,109.46
2154,177.58,174.89,108.2,110.92
2155,177.74,176.31,108.25,109.47
2156,177.57,177.62,108.2,109.46
2157,177.76,176.35,108.24,109.44
2158,177.8,176.59,105.68,107.86
2159,177.8,177.7,108.21,105.29
